	mean	std
0	0.03477350807363696	0.2626934185676691
