	best_profit	one_std_profit
0	120194.84282957259	120194.58013615402
