	best_profit	one_std_profit
0	10402421.089950498	10402420.815576172
