	best_profit	one_std_profit
0	97513.73136872234	97513.4569943951
