	best_profit	one_std_profit
0	120195.19392547854	120194.91955115131
